{
  "signup": [
    {
      "firstName": "sravani",
      "lastName": "chengannagari",
      "userName": "Sravu5",
      "email": "srav@gmail.com",
      "password": "Sravani@1",
      "id": 1
    },
    {
      "firstName": "sravani",
      "lastName": "chengannagari",
      "userName": "srav5",
      "email": "Sravani@gmail.com",
      "password": "sravaniprasad",
      "id": 3
    },
    {
      "firstName": null,
      "lastName": null,
      "gender": null,
      "userName": null,
      "email": null,
      "password": null,
      "id": 4
    },
    {
      "firstName": "sagdgsdhgds",
      "lastName": null,
      "userName": null,
      "email": null,
      "password": null,
      "id": 5
    },
    {
      "firstName": null,
      "lastName": null,
      "userName": null,
      "email": null,
      "password": null,
      "id": 6
    },
    {
      "firstName": null,
      "lastName": null,
      "userName": null,
      "email": null,
      "password": null,
      "id": 7
    },
    {
      "firstName": null,
      "lastName": null,
      "userName": null,
      "email": null,
      "password": null,
      "id": 8
    },
    {
      "firstName": null,
      "lastName": null,
      "userName": null,
      "email": null,
      "password": null,
      "id": 9
    },
    {
      "firstName": "sravani",
      "lastName": "prasad",
      "userName": "sravaniprasad",
      "email": "srav@gmail.com",
      "password": "Sravani@123",
      "id": 11
    },
    {
      "firstName": null,
      "lastName": null,
      "userName": null,
      "email": null,
      "password": null,
      "id": 12
    },
    {
      "firstName": null,
      "lastName": null,
      "userName": null,
      "email": null,
      "password": null,
      "id": 13
    },
    {
      "firstName": null,
      "lastName": null,
      "userName": null,
      "email": null,
      "password": null,
      "id": 14
    },
    {
      "firstName": null,
      "lastName": null,
      "userName": null,
      "email": null,
      "password": null,
      "id": 15
    },
    {
      "firstName": null,
      "lastName": null,
      "userName": null,
      "email": null,
      "password": null,
      "id": 16
    },
    {
      "firstName": "",
      "lastName": "",
      "userName": "",
      "email": "",
      "password": "",
      "id": 17
    },
    {
      "firstName": "sssss",
      "lastName": null,
      "userName": "ssssss",
      "Address": null,
      "email": "s@gmail.com",
      "password": "Sravani@1435",
      "id": 18
    },
    {
      "firstName": "sravani",
      "lastName": "chengannagari",
      "userName": null,
      "address": null,
      "email": null,
      "password": null,
      "id": 19
    },
    {
      "firstName": "",
      "lastName": "",
      "userName": "",
      "address": "",
      "email": "",
      "password": "",
      "id": 20
    },
    {
      "firstName": "sravani",
      "lastName": "aaaaaa",
      "userName": "aaaaa",
      "address": "aaaaaa",
      "email": "a@g",
      "password": "sravani@13",
      "id": 21
    },
    {
      "firstName": "ddddddddddddd",
      "lastName": "dddddddddd",
      "userName": "ddddddddddd",
      "gender": "female",
      "address": "dfsdsfd",
      "email": "s@fdhjdf",
      "password": "dddddddddddddddddddd",
      "id": 22
    },
    {
      "firstName": "ssssssssssss",
      "lastName": "ssssssssss",
      "userName": "ssssssssssss",
      "gender": "female",
      "address": "sssssssssss",
      "email": "s@gh",
      "password": "sssssssssddddddd",
      "id": 23
    },
    {
      "firstName": "sssssssssss",
      "lastName": "ssssssssssss",
      "userName": "sssssssssss",
      "gender": "female",
      "address": "dddddddddddd",
      "email": "sssssss@dddddddd",
      "password": "dddddddddddddddddd",
      "id": 24
    },
    {
      "firstName": "sdzfcxgvhbjn",
      "lastName": "adsfghj",
      "userName": "waesrdtfyguh",
      "gender": "female",
      "countries": "1",
      "address": "asdfghj",
      "email": "s@dfghj",
      "password": "asdfghjk/.khjhgd",
      "id": 25
    },
    {
      "firstName": "sdfsddf",
      "lastName": "dsgfdhj",
      "userName": "sfgdsgdsgdhs",
      "gender": "female",
      "country": "3",
      "address": "adsfgfhgj",
      "email": "fdfas@ff",
      "password": "edfghjklkhgfdfgh",
      "id": 26
    },
    {
      "firstName": "fggxcgcgcg",
      "lastName": "sggdsgdhsddh",
      "userName": "dghgdsgdgd",
      "gender": "male",
      "country": "2",
      "address": "sdhdshdshdsdhs",
      "email": "s@f",
      "password": "sssssssssssss",
      "id": 27
    },
    {
      "firstName": "a",
      "lastName": "aaa",
      "userName": "a",
      "gender": "male",
      "country": "India",
      "address": "a",
      "email": "a@a",
      "password": "aaaaaaaaaaaaaaa",
      "id": 28
    },
    {
      "firstName": "ddddffd",
      "lastName": "rrffgfgfg",
      "userName": "fgfgghgh",
      "gender": "female",
      "country": "pakisthan",
      "address": "dffggffggf",
      "email": "s@dgf",
      "password": "sssssssssssss",
      "id": 29
    },
    {
      "firstName": "ssssss",
      "lastName": "aaaaaaaa",
      "userName": "dfssssss",
      "gender": "male",
      "country": "1",
      "state": "1",
      "address": "ddddddddd",
      "email": "fffffffff@ff",
      "password": "hhhhhhhhhh",
      "id": 30
    },
    {
      "firstName": "sssssss",
      "lastName": "sssss",
      "userName": "ssssssssss",
      "gender": "female",
      "country": "1",
      "state": "Andhrapradesh",
      "address": "sssssssss",
      "email": "S@f",
      "password": "gmajashsgsgsg",
      "id": 31
    },
    {
      "firstName": "gggggggggg",
      "lastName": "ggggggggggg",
      "userName": "ggggggggggg",
      "gender": "female",
      "country": "1",
      "state": "chainastate",
      "address": "ddddddddd",
      "email": "s@f",
      "password": "dddddddddddddddd",
      "id": 32
    },
    {
      "firstName": "sravani",
      "lastName": "dfghjka",
      "userName": "dfsagsdhjsd",
      "gender": "female",
      "country": "India",
      "state": "Andhrapradesh",
      "district": "1",
      "address": "ssssssssss",
      "email": "s@a",
      "password": "aaaaaaaaaaaaaaaaaa",
      "id": 33
    },
    {
      "firstName": "sssssssss",
      "lastName": "sssssssssss",
      "userName": "sssssss",
      "gender": "male",
      "country": "pakisthan",
      "state": "pakstate1",
      "district": "6",
      "address": "ssssss",
      "email": "S@s",
      "password": "sssssssssss",
      "id": 34
    },
    {
      "firstName": "ssssssss",
      "lastName": "sssssss",
      "userName": "sssssssss",
      "gender": "male",
      "country": "pakisthan",
      "state": "pakstate",
      "district": "pakdist",
      "address": "ssssss",
      "email": "s@s",
      "password": "sssssssssssssssssss",
      "id": 35
    },
    {
      "firstName": "sssssssss",
      "lastName": "ddddddddddd",
      "userName": "sssssssssss",
      "gender": "female",
      "country": "India",
      "state": "Andhrapradesh",
      "district": "kadapa",
      "address": "ssssss",
      "email": "s@s",
      "password": "dsssssssss",
      "id": 36
    },
    {
      "firstName": "sssssss",
      "lastName": "ssssss",
      "userName": "ssssss",
      "gender": "female",
      "country": "India",
      "state": "Andhrapradesh",
      "district": "kadapa",
      "address": "ssssss",
      "email": "s@s",
      "password": "sssssssssss",
      "id": 37
    },
    {
      "firstName": "s",
      "lastName": "s",
      "userName": "s",
      "gender": "female",
      "country": "pakisthan",
      "state": "pakstate",
      "district": "pakdist",
      "address": "s",
      "email": "s@w",
      "password": "ssssssssssss",
      "image": "C:\\fakepath\\c logo.png",
      "id": 38
    },
    {
      "firstName": "s",
      "lastName": "s",
      "userName": "asdsad",
      "gender": "female",
      "country": "India",
      "state": "Andhrapradesh",
      "district": "chittoor",
      "address": "s",
      "phoneNumber": "7515151515",
      "email": "s@s",
      "password": "ssssssssssss",
      "image": "C:\\fakepath\\java-eps-vector-logo.png",
      "id": 39
    },
    {
      "id": 40
    },
    {
      "firstName": "s",
      "lastName": "s",
      "userName": "adsfsfsags",
      "gender": "female",
      "country": "pakisthan",
      "state": "pakstate1",
      "district": "pakdist1",
      "address": "s",
      "phoneNumber": "2323333333",
      "email": "S@s",
      "password": "aaaaaaaaaaaa",
      "image": "C:\\fakepath\\cognizantInvie.png",
      "id": 41
    },
    {
      "firstName": "sravanthi",
      "lastName": "chengannagari",
      "userName": "SravanthiC",
      "gender": "female",
      "country": "India",
      "state": "Andhrapradesh",
      "district": "chittoor",
      "address": "Santhi nagar, rajampet, kadapa",
      "phoneNumber": "9704703595",
      "email": "sravanthiprasad1@gmail.com",
      "password": "Sravanthi@1",
      "image": "C:\\fakepath\\lalli.jpg",
      "id": 42
    },
    {
      "firstName": "sravanthi",
      "lastName": "chengannagari",
      "userName": "Lalli",
      "gender": "female",
      "country": "India",
      "state": "Andhrapradesh",
      "district": "kadapa",
      "address": "Santhi nagar, rajampet, kadapa\nKadapa",
      "phoneNumber": "9704703595",
      "email": "sravanthiprasad1@gmail.com",
      "password": "Sravanthi@1",
      "image": "C:\\fakepath\\lalli.jpg",
      "id": 43
    },
    {
      "firstName": "sravani",
      "lastName": "chengannagari",
      "userName": "Sravaniprasad1435",
      "gender": "female",
      "country": "India",
      "state": "Andhrapradesh",
      "district": "kadapa",
      "address": "Santhi nagar, rajampet, kadapa\nKadapa",
      "phoneNumber": "9666497940",
      "email": "sravaniprasad939@gmail.com",
      "password": "Sravaniprasad",
      "image": "C:\\fakepath\\IMG-20191226-WA0035.jpg",
      "id": 44
    },
    {
      "firstName": "sravanthi",
      "lastName": "chengannagari",
      "userName": "sravanthi5",
      "gender": "female",
      "country": "India",
      "state": "Andhrapradesh",
      "district": "kadapa",
      "address": "Santhi nagar, rajampet, kadapa ",
      "phoneNumber": "9704703595",
      "email": "sravanthi@gmail.com",
      "password": "Sravanthi@1",
      "image": "C:\\fakepath\\lalli.jpg",
      "id": 45
    },
    {
      "firstName": "Prasad",
      "lastName": "Chengannagari",
      "userName": "Prasad1",
      "gender": "female",
      "country": "India",
      "state": "Andhrapradesh",
      "district": "kadapa",
      "address": "Noonevaripalli Road,\n5/721-4a3, Rajampet",
      "phoneNumber": "9666497940",
      "email": "prasadchengannagari@gmail.com",
      "password": "Prasad12345",
      "image": "C:\\fakepath\\IMG-20211104-WA0012.jpg",
      "id": 46
    },
    {
      "firstName": "Rajeswari",
      "lastName": "Chengannagari",
      "userName": "Baby1",
      "gender": "female",
      "country": "India",
      "state": "Andhrapradesh",
      "district": "kadapa",
      "address": "Santhi nagar, rajampet, kadapa",
      "phoneNumber": "7416631695",
      "email": "baby@gmail.com",
      "password": "babydarling1",
      "image": "C:\\fakepath\\IMG-20211104-WA0007.jpg",
      "id": 47
    },
    {
      "firstName": "Reddyprasad",
      "lastName": "siddavatam",
      "userName": "prasadsiddavatam",
      "gender": "female",
      "country": "India",
      "state": "Andhrapradesh",
      "district": "kadapa",
      "address": "Hydernagar,Rajampet",
      "phoneNumber": "8500227565",
      "email": "reddyprasad75@gmail.com",
      "password": "reddyprasad",
      "image": "C:\\fakepath\\IMG-20191226-WA0035.jpg",
      "id": 48
    },
    {
      "firstName": "sravani",
      "lastName": "chengannagari",
      "userName": "sravani",
      "gender": "female",
      "country": "India",
      "state": "Andhrapradesh",
      "district": "kadapa",
      "address": "Noonevaripalli Road,\n5/721-4a3, Rajampet",
      "phoneNumber": "9666497940",
      "email": "sravaniprasad939@gmail.com",
      "password": "Sravaniprasad",
      "image": "C:\\fakepath\\IMG-20191226-WA0034.jpg",
      "id": 49
    },
    {
      "firstName": "s",
      "lastName": "c",
      "userName": "s",
      "gender": "female",
      "country": "India",
      "state": "Andhrapradesh",
      "district": "kadapa",
      "address": "c",
      "phoneNumber": "8766556553",
      "email": "s@2",
      "password": "Sravaniprasad",
      "image": "C:\\fakepath\\IMG-20191226-WA0034.jpg",
      "id": 50
    },
    {
      "firstName": "s",
      "lastName": "s",
      "userName": "s",
      "gender": "male",
      "country": "India",
      "state": "karnataka",
      "district": "mysore",
      "address": "s",
      "phoneNumber": "1234567890",
      "email": "s@s",
      "password": "sravaniprasad",
      "image": "C:\\fakepath\\IMG-20191226-WA0035.jpg",
      "id": 51
    },
    {
      "firstName": "s",
      "lastName": "s",
      "userName": "s",
      "gender": "female",
      "country": "India",
      "state": "Andhrapradesh",
      "district": "kadapa",
      "address": "s",
      "phoneNumber": "1234567890",
      "email": "s@s",
      "password": "sravaniprasad",
      "image": "C:\\fakepath\\IMG-20191226-WA0035.jpg",
      "id": 52
    },
    {
      "firstName": "z",
      "lastName": "z",
      "userName": "s",
      "gender": "female",
      "country": "India",
      "state": "Andhrapradesh",
      "district": "kadapa",
      "address": "z",
      "phoneNumber": "1234567890",
      "email": "s@s",
      "password": "sravaniprasad",
      "image": "C:\\fakepath\\cogni.jpg",
      "id": 53
    },
    {
      "firstName": "s",
      "lastName": "s",
      "userName": "d",
      "gender": "female",
      "country": "India",
      "state": "Andhrapradesh",
      "district": "kadapa",
      "address": "s",
      "phoneNumber": "2142424242",
      "email": "s@a",
      "password": "aaaaaaaaaaaa",
      "image": "C:\\fakepath\\cogni.jpg",
      "id": 54
    },
    {
      "firstName": "s",
      "lastName": "s",
      "userName": "s",
      "gender": "female",
      "country": "India",
      "state": "Andhrapradesh",
      "district": "kadapa",
      "address": "Rajampet\nAndhra Pradesh",
      "phoneNumber": "9666497940",
      "email": "sravaniprasad939@gmail.com",
      "password": "sravaniprasad",
      "image": "C:\\fakepath\\IMG-20191226-WA0034.jpg",
      "id": 55
    },
    {
      "firstName": "s",
      "lastName": "s",
      "userName": "sravani",
      "gender": "female",
      "country": "India",
      "state": "Andhrapradesh",
      "district": "kadapa",
      "address": "asd",
      "phoneNumber": "1234567890",
      "email": "s@s",
      "password": "ssssssssssssssssss",
      "image": "C:\\fakepath\\cogni.png",
      "id": 56
    },
    {
      "firstName": "srav",
      "lastName": "sada",
      "userName": "s",
      "gender": "female",
      "country": "pakisthan",
      "state": "pakstate",
      "district": "pakdist",
      "address": "edfeds",
      "phoneNumber": "1234567890",
      "email": "s@s",
      "password": "aaaaaaaaaaa",
      "image": "C:\\fakepath\\IMG-20191226-WA0036.jpg",
      "id": 57
    },
    {
      "firstName": "s",
      "lastName": "s",
      "userName": "s",
      "gender": "female",
      "country": "chaina",
      "state": "chainastate",
      "district": "chinadist",
      "address": "s",
      "phoneNumber": "1111111111",
      "email": "s@s",
      "password": "aaaaaaaaaaaaa",
      "image": "C:\\fakepath\\cogni.jpg",
      "id": 58
    },
    {
      "firstName": "sravanthi",
      "lastName": "chengannagari",
      "userName": "sravanthi5",
      "gender": "female",
      "country": "India",
      "state": "Andhrapradesh",
      "district": "chittoor",
      "address": "Santhi nagar, rajampet, kadapa\nKadapa",
      "phoneNumber": "9704703595",
      "email": "sravanthiprasad1@gmail.com",
      "password": "Sravanthi@1",
      "image": "C:\\fakepath\\lalli.jpg",
      "id": 59
    },
    {
      "firstName": "baby",
      "lastName": "chintu",
      "userName": "baby",
      "gender": "female",
      "country": "India",
      "state": "Andhrapradesh",
      "district": "kadapa",
      "address": "Noonevaripalli Road,\n5/721-4a3, Rajampet",
      "phoneNumber": "9666497940",
      "email": "babychintu@gmail.com",
      "password": "babychintu",
      "image": "C:\\fakepath\\IMG-20211104-WA0023.jpg",
      "id": 60
    },
    {
      "firstName": "prasad",
      "lastName": "chengannagari",
      "userName": "prasad",
      "gender": "male",
      "country": "India",
      "state": "Andhrapradesh",
      "district": "kadapa",
      "address": "Noonevaripalli Road,\n5/721-4a3, Rajampet",
      "phoneNumber": "9666497940",
      "email": "prasad@gmail.com",
      "password": "prasad1234",
      "image": "C:\\fakepath\\IMG-20211104-WA0012.jpg",
      "id": 61
    },
    {
      "firstName": "praneetha",
      "lastName": "siddavatam",
      "userName": "praneetha",
      "gender": "female",
      "country": "India",
      "state": "Andhrapradesh",
      "district": "kadapa",
      "address": "hydernagar,rajampet",
      "phoneNumber": "1234567890",
      "email": "pranee@gmail.com",
      "password": "praneetha1",
      "image": "C:\\fakepath\\IMG-20211104-WA0008.jpg",
      "id": 62
    },
    {
      "firstName": "pavana",
      "lastName": "siddavatam",
      "userName": "pavana",
      "gender": "female",
      "country": "India",
      "state": "Andhrapradesh",
      "district": "kadapa",
      "address": "hydernagar",
      "phoneNumber": "1234567890",
      "email": "pav@gmail.com",
      "password": "pavana1234",
      "image": "C:\\fakepath\\IMG-20191226-WA0034.jpg",
      "id": 63
    },
    {
      "firstName": "reddy prasad",
      "lastName": "siddavatam",
      "userName": "Reddy",
      "gender": "male",
      "country": "India",
      "state": "Andhrapradesh",
      "district": "kadapa",
      "address": "hydernagar",
      "phoneNumber": "1234567890",
      "email": "prasad@gmail.com",
      "password": "Reddyprasad",
      "image": "C:\\fakepath\\IMG-20191226-WA0034.jpg",
      "id": 64
    },
    {
      "firstName": "subbamma",
      "lastName": "siddavatam",
      "userName": "subbamma",
      "gender": "female",
      "country": "India",
      "state": "Andhrapradesh",
      "district": "kadapa",
      "address": "Santhi nagar, rajampet, kadapa\nKadapa",
      "phoneNumber": "9666497940",
      "email": "sravaniprasad939@gmail.com",
      "password": "subbamma123",
      "image": "C:\\fakepath\\IMG-20191226-WA0035.jpg",
      "id": 65
    },
    {
      "firstName": "sravani",
      "lastName": "chengannagari",
      "userName": "sravani",
      "gender": "female",
      "country": "India",
      "state": "Andhrapradesh",
      "district": "kadapa",
      "address": "Rajampet\nAndhra Pradesh",
      "phoneNumber": "9666497940",
      "email": "sravaniprasad939@gmail.com",
      "password": "sravaniprasad",
      "image": "C:\\fakepath\\IMG-20191226-WA0035.jpg",
      "id": 66
    },
    {
      "firstName": "sravani",
      "lastName": "chengannagari",
      "userName": "sravani",
      "gender": "female",
      "country": "India",
      "state": "Andhrapradesh",
      "district": "kadapa",
      "address": "Santhi nagar, rajampet, kadapa",
      "phoneNumber": "1234567890",
      "email": "sravaniprasad939@gmail.com",
      "password": "sravaniprasad",
      "image": "C:\\fakepath\\IMG-20191226-WA0035.jpg",
      "id": 67
    },
    {
      "firstName": "sravani",
      "lastName": "chengannagari",
      "userName": "sravani",
      "gender": "female",
      "country": "India",
      "state": "Andhrapradesh",
      "district": "kadapa",
      "address": "Rajampet\nAndhra Pradesh",
      "phoneNumber": "9666497940",
      "email": "sravaniprasad939@gmail.com",
      "password": "sravaniprasad",
      "image": "C:\\fakepath\\IMG-20191226-WA0034.jpg",
      "id": 68
    },
    {
      "firstName": "s",
      "lastName": "s",
      "userName": "sravani",
      "gender": "female",
      "country": "chaina",
      "state": "chainastate",
      "district": "chinadist",
      "address": "Santhi nagar, rajampet, kadapa",
      "phoneNumber": "1234567890",
      "email": "sravaniprasad939@gmail.com",
      "password": "sravaniprasad",
      "image": "C:\\fakepath\\IMG-20191226-WA0035.jpg",
      "id": 69
    },
    {
      "firstName": "sravani",
      "lastName": "chengannagari",
      "userName": "sravani",
      "gender": "female",
      "country": "India",
      "state": "Andhrapradesh",
      "district": "kadapa",
      "address": "Santhi nagar, rajampet, kadapa\nKadapa",
      "phoneNumber": "9666497940",
      "email": "sravaniprasad939@gmail.com",
      "password": "sravaniprasad",
      "image": "C:\\fakepath\\IMG-20191226-WA0036.jpg",
      "id": 70
    },
    {
      "firstName": "sravanthi",
      "lastName": "chengannagari",
      "userName": "sravanthi",
      "gender": "female",
      "country": "India",
      "state": "Andhrapradesh",
      "district": "kadapa",
      "address": "Santhi nagar, rajampet, kadapa",
      "phoneNumber": "9704703595",
      "email": "sravanthiprasad1@gmail.com",
      "password": "sravanthi@1",
      "image": "C:\\fakepath\\lalli.jpg",
      "id": 71
    },
    {
      "firstName": "prasad",
      "lastName": "chengannagari",
      "userName": "prasad",
      "gender": "male",
      "country": "India",
      "state": "Andhrapradesh",
      "district": "kadapa",
      "address": "Noonevaripalli Road,\n5/721-4a3, Rajampet",
      "phoneNumber": "9666497940",
      "email": "prasad@gmail.com",
      "password": "prasad1234",
      "image": "C:\\fakepath\\IMG-20211104-WA0012.jpg",
      "id": 72
    },
    {
      "firstName": "rajeswari",
      "lastName": "chengannagari",
      "userName": "rajeswari",
      "gender": "female",
      "country": "India",
      "state": "Andhrapradesh",
      "district": "kadapa",
      "address": "Noonevaripalli Road,\n5/721-4a3, Rajampet",
      "phoneNumber": "7416631695",
      "email": "baby@gmail.com",
      "password": "rajubaby123",
      "image": "C:\\fakepath\\IMG-20211104-WA0023.jpg",
      "id": 73
    },
    {
      "firstName": "baby",
      "lastName": "chengannagari",
      "userName": "baby",
      "gender": "female",
      "country": "India",
      "state": "Andhrapradesh",
      "district": "kadapa",
      "address": "Rajampet\nAndhra Pradesh",
      "phoneNumber": "9666497940",
      "email": "baby1@gmail.com",
      "password": "chintubaby",
      "image": "C:\\fakepath\\IMG-20211104-WA0022.jpg",
      "id": 74
    },
    {
      "firstName": "prasad",
      "lastName": "siddavatam",
      "userName": "reddyprasad",
      "gender": "male",
      "country": "India",
      "state": "Andhrapradesh",
      "district": "kadapa",
      "address": "Hydernagar,Rajampet",
      "phoneNumber": "1234567890",
      "email": "reddyprasad75@gmail.com",
      "password": "reddyprasad",
      "image": "C:\\fakepath\\IMG-20191226-WA0034.jpg",
      "id": 75
    },
    {
      "firstName": "reddamma",
      "lastName": "thondam",
      "userName": "reddamma",
      "gender": "female",
      "country": "India",
      "state": "Andhrapradesh",
      "district": "kadapa",
      "address": "Kodur",
      "phoneNumber": "1234567891",
      "email": "reddammathondam@gmail.com",
      "password": "reddammathondam",
      "image": "C:\\fakepath\\IMG-20191226-WA0035.jpg",
      "id": 76
    },
    {
      "firstName": "sravani",
      "lastName": "chengannagari",
      "userName": "sravani",
      "gender": "female",
      "country": "India",
      "state": "Andhrapradesh",
      "district": "kadapa",
      "address": "Santhi nagar, rajampet, kadapa",
      "phoneNumber": "9666497940",
      "email": "sravaniprasad939@gmail.com",
      "password": "Sravani@123",
      "image": "C:\\fakepath\\sravani.jpg",
      "id": 77
    }
  ]
}